{"pot_mean": 31.414151410192975, "pot_std": 17.439147826860683}