{"pot_mean": 47.52875952875953, "pot_std": 25.250835278164857}